OrderID,CustomerID,ProductID,OrderDate,Quantity,DiscountPercent,PaymentMethod,DeliveryStatus
O00001,C0074,P023,2023-11-17,8,0,Credit Card,Delivered
O00002,C0090,P026,2023-05-01,2,16,UPI,Delivered
O00003,C0034,P021,2023-10-13,1,10,Credit Card,Delivered
O00004,C0007,P022,2023-05-29,9,9,UPI,Pending
O00005,C0068,P007,2023-03-25,3,18,Debit Card,Pending
O00006,C0058,P014,2023-08-19,1,13,Debit Card,Delivered
O00007,C0075,P015,2023-10-15,7,9,Cash,Delivered
O00008,C0029,P007,2023-06-10,5,14,UPI,Pending
O00009,C0036,P009,2023-09-29,5,18,Net Banking,Cancelled
O00010,C0089,P048,2023-02-07,1,3,Cash,Delivered
O00011,C0021,P008,2023-08-14,9,1,Debit Card,Pending
O00012,C0036,P050,2023-05-22,7,8,UPI,Pending
O00013,C0010,P023,2023-10-19,8,9,Cash,Cancelled
O00014,C0073,P029,2023-05-31,9,10,UPI,Pending
O00015,C0024,P018,2023-04-24,6,13,Debit Card,Pending
O00016,C0064,P031,2023-08-25,5,6,Cash,Delivered
O00017,C0099,P030,2023-03-07,6,14,Debit Card,Delivered
O00018,C0049,P039,2023-12-27,2,18,Credit Card,Cancelled
O00019,C0099,P035,2023-12-07,4,14,Debit Card,Cancelled
O00020,C0036,P018,2023-09-15,3,7,UPI,Pending
O00021,C0082,P042,2023-09-06,7,10,Net Banking,Delivered
O00022,C0096,P039,2023-11-27,9,8,Debit Card,Cancelled
O00023,C0024,P017,2023-11-19,5,14,Net Banking,Cancelled
O00024,C0023,P014,2023-06-29,6,0,Credit Card,Cancelled
O00025,C0062,P031,2023-07-09,2,0,Cash,Pending
O00026,C0096,P024,2023-06-03,3,18,Cash,Delivered
O00027,C0037,P035,2023-07-15,3,2,Net Banking,Cancelled
O00028,C0012,P044,2023-11-07,9,9,Cash,Delivered
O00029,C0055,P045,2023-09-19,7,7,Debit Card,Cancelled
O00030,C0013,P034,2023-05-23,8,14,Net Banking,Cancelled
O00031,C0023,P003,2023-12-08,9,9,UPI,Delivered
O00032,C0089,P037,2023-11-12,6,0,Debit Card,Delivered
O00033,C0099,P043,2023-04-11,4,17,Debit Card,Delivered
O00034,C0030,P040,2023-09-01,1,1,Debit Card,Pending
O00035,C0017,P026,2023-01-12,8,18,UPI,Cancelled
O00036,C0062,P023,2023-08-27,7,12,Credit Card,Pending
O00037,C0084,P044,2023-02-18,2,0,Cash,Delivered
O00038,C0089,P039,2023-02-11,8,1,Net Banking,Cancelled
O00039,C0086,P015,2023-06-15,5,15,Credit Card,Pending
O00040,C0013,P049,2023-03-23,7,14,Net Banking,Cancelled
O00041,C0059,P004,2023-10-18,4,12,Cash,Pending
O00042,C0019,P029,2023-06-07,5,15,UPI,Delivered
O00043,C0049,P022,2023-08-04,8,16,Debit Card,Pending
O00044,C0100,P025,2023-06-07,1,20,Debit Card,Cancelled
O00045,C0012,P013,2023-05-14,1,6,UPI,Cancelled
O00046,C0061,P018,2023-03-08,4,16,Credit Card,Cancelled
O00047,C0019,P033,2023-12-02,3,6,Credit Card,Cancelled
O00048,C0076,P016,2023-01-07,2,12,Net Banking,Delivered
O00049,C0009,P045,2023-01-14,3,4,UPI,Pending
O00050,C0071,P042,2023-03-14,1,16,Credit Card,Delivered
O00051,C0028,P044,2023-06-12,1,2,UPI,Delivered
O00052,C0078,P002,2023-03-07,6,6,Cash,Delivered
O00053,C0095,P035,2023-12-13,5,16,Debit Card,Cancelled
O00054,C0052,P042,2023-05-10,8,6,Debit Card,Cancelled
O00055,C0083,P034,2023-07-25,2,20,Debit Card,Cancelled
O00056,C0016,P030,2023-10-03,4,0,UPI,Pending
O00057,C0069,P013,2023-09-13,8,16,UPI,Cancelled
O00058,C0099,P013,2023-09-23,6,16,Net Banking,Pending
O00059,C0012,P018,2023-01-25,1,10,Debit Card,Cancelled
O00060,C0025,P032,2023-10-08,4,2,Net Banking,Cancelled
O00061,C0052,P032,2023-09-10,1,14,Debit Card,Delivered
O00062,C0085,P035,2023-11-06,2,20,Net Banking,Delivered
O00063,C0100,P039,2023-10-16,5,10,Net Banking,Delivered
O00064,C0053,P046,2023-06-13,8,15,Cash,Pending
O00065,C0023,P029,2023-04-05,8,8,Net Banking,Pending
O00066,C0016,P049,2023-09-27,3,0,UPI,Cancelled
O00067,C0057,P029,2023-11-17,4,15,Net Banking,Pending
O00068,C0039,P044,2023-04-20,6,8,Debit Card,Cancelled
O00069,C0053,P016,2023-12-02,3,18,Net Banking,Pending
O00070,C0042,P044,2023-11-06,2,11,Credit Card,Pending
O00071,C0058,P047,2023-08-26,6,18,Debit Card,Pending
O00072,C0039,P010,2023-01-25,5,8,Credit Card,Delivered
O00073,C0014,P030,2023-05-21,5,6,Debit Card,Pending
O00074,C0095,P025,2023-04-27,5,13,UPI,Delivered
O00075,C0005,P039,2023-01-25,5,18,UPI,Delivered
O00076,C0035,P020,2023-03-20,3,18,UPI,Pending
O00077,C0087,P005,2023-03-09,7,1,Credit Card,Cancelled
O00078,C0093,P001,2023-06-22,6,8,Cash,Cancelled
O00079,C0075,P030,2023-01-12,4,12,Debit Card,Cancelled
O00080,C0018,P049,2023-10-15,2,14,UPI,Pending
O00081,C0076,P003,2023-05-08,9,2,Debit Card,Cancelled
O00082,C0009,P045,2023-04-06,1,10,Credit Card,Delivered
O00083,C0074,P014,2023-04-02,4,20,Cash,Cancelled
O00084,C0058,P030,2023-05-21,1,13,Credit Card,Pending
O00085,C0017,P050,2023-01-31,6,7,Debit Card,Cancelled
O00086,C0007,P004,2023-11-30,4,17,Cash,Delivered
O00087,C0046,P018,2023-01-20,5,18,Cash,Pending
O00088,C0013,P037,2023-05-26,5,15,Credit Card,Cancelled
O00089,C0040,P025,2023-11-12,9,1,UPI,Pending
O00090,C0042,P048,2023-06-09,1,7,Debit Card,Pending
O00091,C0009,P001,2023-12-15,2,5,Net Banking,Pending
O00092,C0050,P046,2023-02-12,6,11,Net Banking,Cancelled
O00093,C0027,P015,2023-09-11,5,14,Credit Card,Pending
O00094,C0066,P009,2023-05-10,7,7,Debit Card,Cancelled
O00095,C0005,P015,2023-03-01,3,3,Debit Card,Delivered
O00096,C0029,P049,2023-05-31,3,14,Credit Card,Cancelled
O00097,C0037,P024,2023-10-14,2,19,Debit Card,Delivered
O00098,C0038,P004,2023-01-05,3,16,UPI,Cancelled
O00099,C0083,P012,2023-09-23,1,12,Credit Card,Pending
O00100,C0008,P037,2023-12-11,5,17,UPI,Cancelled
O00101,C0065,P037,2023-05-10,5,1,Debit Card,Pending
O00102,C0086,P043,2023-09-24,7,12,Credit Card,Delivered
O00103,C0017,P006,2023-06-27,4,12,Debit Card,Cancelled
O00104,C0071,P039,2023-09-10,3,14,Credit Card,Pending
O00105,C0089,P046,2023-02-25,1,19,Debit Card,Delivered
O00106,C0045,P024,2023-03-24,8,9,UPI,Delivered
O00107,C0004,P011,2023-04-09,3,2,UPI,Cancelled
O00108,C0036,P013,2023-05-29,2,18,Debit Card,Delivered
O00109,C0070,P034,2023-11-25,4,2,Credit Card,Pending
O00110,C0031,P025,2023-06-05,3,13,Net Banking,Delivered
O00111,C0019,P007,2023-07-09,1,7,UPI,Delivered
O00112,C0061,P004,2023-09-20,3,3,UPI,Pending
O00113,C0054,P008,2023-03-21,2,19,Net Banking,Delivered
O00114,C0039,P020,2023-09-09,8,10,Debit Card,Delivered
O00115,C0091,P029,2023-04-07,6,10,Credit Card,Delivered
O00116,C0074,P045,2023-09-17,9,10,Debit Card,Delivered
O00117,C0090,P046,2023-09-17,8,1,Cash,Pending
O00118,C0019,P010,2023-04-13,3,16,UPI,Delivered
O00119,C0039,P043,2023-02-09,5,8,Cash,Pending
O00120,C0067,P034,2023-09-30,7,1,UPI,Delivered
O00121,C0045,P026,2023-04-11,5,14,UPI,Delivered
O00122,C0013,P041,2023-12-25,8,15,Cash,Delivered
O00123,C0092,P049,2023-11-04,5,3,Cash,Delivered
O00124,C0058,P003,2023-08-09,1,7,Debit Card,Pending
O00125,C0020,P006,2023-11-04,5,8,Cash,Pending
O00126,C0092,P005,2023-05-04,4,4,Debit Card,Pending
O00127,C0072,P005,2023-08-19,6,15,Debit Card,Cancelled
O00128,C0061,P047,2023-06-27,3,12,Debit Card,Delivered
O00129,C0039,P023,2023-03-04,5,6,UPI,Delivered
O00130,C0001,P049,2023-04-26,2,19,UPI,Pending
O00131,C0003,P009,2023-07-10,6,16,Cash,Cancelled
O00132,C0077,P035,2023-03-03,6,2,UPI,Delivered
O00133,C0092,P020,2023-09-13,5,4,Cash,Pending
O00134,C0062,P049,2023-01-07,6,18,UPI,Delivered
O00135,C0063,P042,2023-06-04,7,11,Credit Card,Delivered
O00136,C0025,P035,2023-04-02,5,6,Credit Card,Pending
O00137,C0056,P050,2023-01-14,1,8,Cash,Pending
O00138,C0033,P018,2023-08-17,8,5,UPI,Delivered
O00139,C0038,P017,2023-03-27,4,16,UPI,Delivered
O00140,C0006,P024,2023-05-13,9,15,Debit Card,Pending
O00141,C0058,P003,2023-07-02,6,2,Net Banking,Delivered
O00142,C0044,P032,2023-03-03,1,20,Cash,Delivered
O00143,C0045,P035,2023-08-07,3,3,Net Banking,Pending
O00144,C0032,P038,2023-09-03,3,9,Net Banking,Delivered
O00145,C0045,P013,2023-08-18,4,4,Cash,Delivered
O00146,C0061,P047,2023-03-20,6,20,UPI,Cancelled
O00147,C0047,P025,2023-05-29,7,9,Cash,Pending
O00148,C0021,P009,2023-05-18,4,11,Net Banking,Cancelled
O00149,C0080,P004,2023-11-10,6,9,UPI,Cancelled
O00150,C0085,P014,2023-03-06,1,12,Credit Card,Cancelled
O00151,C0075,P037,2023-01-13,8,10,Cash,Delivered
O00152,C0036,P034,2023-08-01,7,15,Cash,Delivered
O00153,C0099,P011,2023-08-30,9,7,UPI,Cancelled
O00154,C0019,P041,2023-08-01,3,7,Credit Card,Cancelled
O00155,C0020,P003,2023-06-30,2,7,Credit Card,Cancelled
O00156,C0057,P028,2023-12-04,1,12,UPI,Delivered
O00157,C0018,P029,2023-06-22,3,1,Debit Card,Cancelled
O00158,C0047,P009,2023-06-09,5,11,Cash,Cancelled
O00159,C0049,P003,2023-06-13,2,9,Cash,Pending
O00160,C0014,P025,2023-07-07,3,11,Net Banking,Pending
O00161,C0015,P034,2023-07-10,4,10,UPI,Delivered
O00162,C0031,P012,2023-11-04,7,14,Net Banking,Pending
O00163,C0001,P042,2023-09-13,3,15,Net Banking,Pending
O00164,C0054,P009,2023-07-02,9,16,Credit Card,Pending
O00165,C0003,P015,2023-04-27,8,1,Cash,Delivered
O00166,C0016,P040,2023-10-09,4,17,Net Banking,Pending
O00167,C0087,P025,2023-07-15,1,11,Credit Card,Delivered
O00168,C0057,P005,2023-02-03,1,18,UPI,Cancelled
O00169,C0075,P011,2023-02-21,1,17,Net Banking,Pending
O00170,C0012,P034,2023-04-22,1,16,Cash,Delivered
O00171,C0074,P024,2023-09-09,8,5,Net Banking,Pending
O00172,C0096,P015,2023-03-23,3,14,UPI,Cancelled
O00173,C0016,P038,2023-08-20,6,2,Net Banking,Delivered
O00174,C0072,P008,2023-08-15,3,5,Cash,Delivered
O00175,C0076,P005,2023-08-21,5,2,Credit Card,Delivered
O00176,C0024,P048,2023-08-09,7,0,Cash,Cancelled
O00177,C0028,P026,2023-02-11,2,12,Credit Card,Cancelled
O00178,C0008,P018,2023-01-21,6,20,Debit Card,Cancelled
O00179,C0092,P006,2023-02-11,6,13,Cash,Delivered
O00180,C0036,P037,2023-04-23,3,12,Cash,Cancelled
O00181,C0090,P048,2023-04-15,6,3,UPI,Pending
O00182,C0008,P013,2023-07-11,5,6,Net Banking,Cancelled
O00183,C0058,P028,2023-01-17,2,9,Credit Card,Delivered
O00184,C0060,P005,2023-04-30,9,6,Credit Card,Pending
O00185,C0050,P013,2023-05-09,8,20,UPI,Cancelled
O00186,C0028,P017,2023-05-10,3,14,UPI,Pending
O00187,C0092,P050,2023-03-01,8,14,Net Banking,Pending
O00188,C0041,P040,2023-02-17,9,3,Net Banking,Delivered
O00189,C0100,P045,2023-01-29,3,5,Cash,Pending
O00190,C0064,P032,2023-04-07,3,19,Debit Card,Pending
O00191,C0027,P029,2023-01-10,2,4,Net Banking,Delivered
O00192,C0063,P003,2023-08-30,8,19,UPI,Delivered
O00193,C0017,P040,2023-11-10,1,11,Net Banking,Delivered
O00194,C0073,P034,2023-08-20,8,0,Credit Card,Pending
O00195,C0033,P040,2023-10-04,7,7,Debit Card,Pending
O00196,C0084,P027,2023-10-11,7,0,Cash,Pending
O00197,C0077,P013,2023-07-22,3,4,Credit Card,Delivered
O00198,C0092,P045,2023-09-04,1,5,Credit Card,Cancelled
O00199,C0029,P033,2023-10-17,4,20,Debit Card,Pending
O00200,C0013,P006,2023-09-21,9,2,Cash,Cancelled
O00201,C0046,P024,2023-08-02,5,14,UPI,Delivered
O00202,C0035,P019,2023-07-19,1,4,Cash,Pending
O00203,C0006,P016,2023-03-20,5,13,Net Banking,Cancelled
O00204,C0082,P040,2023-12-09,8,17,Credit Card,Pending
O00205,C0069,P028,2023-12-10,8,15,Net Banking,Pending
O00206,C0047,P033,2023-06-22,5,5,UPI,Pending
O00207,C0025,P048,2023-03-10,9,13,Net Banking,Cancelled
O00208,C0066,P041,2023-03-28,1,7,Cash,Delivered
O00209,C0010,P013,2023-04-11,4,6,Net Banking,Pending
O00210,C0056,P043,2023-01-08,3,7,UPI,Delivered
O00211,C0030,P045,2023-11-29,2,12,UPI,Delivered
O00212,C0005,P025,2023-07-19,8,5,UPI,Cancelled
O00213,C0033,P042,2023-03-28,7,17,Cash,Cancelled
O00214,C0065,P036,2023-02-12,9,1,UPI,Delivered
O00215,C0018,P027,2023-04-19,2,7,Credit Card,Pending
O00216,C0096,P038,2023-06-01,4,10,UPI,Cancelled
O00217,C0049,P007,2023-01-17,6,0,Net Banking,Pending
O00218,C0011,P005,2023-05-13,3,5,Net Banking,Pending
O00219,C0085,P043,2023-05-28,8,15,Net Banking,Pending
O00220,C0026,P045,2023-10-04,3,19,Cash,Delivered
O00221,C0063,P031,2023-08-20,2,11,Net Banking,Pending
O00222,C0089,P023,2023-11-10,3,10,Cash,Delivered
O00223,C0086,P042,2023-08-16,6,9,Cash,Delivered
O00224,C0059,P010,2023-05-19,2,2,UPI,Pending
O00225,C0027,P032,2023-07-30,8,12,Credit Card,Pending
O00226,C0049,P043,2023-01-28,1,2,UPI,Pending
O00227,C0077,P030,2023-02-20,7,14,UPI,Pending
O00228,C0033,P039,2023-09-18,2,15,Cash,Delivered
O00229,C0098,P031,2023-09-18,6,12,Cash,Pending
O00230,C0099,P018,2023-12-16,2,16,Net Banking,Pending
O00231,C0001,P036,2023-12-18,2,2,Net Banking,Delivered
O00232,C0021,P002,2023-01-08,8,19,UPI,Cancelled
O00233,C0055,P014,2023-11-16,2,10,Debit Card,Cancelled
O00234,C0006,P013,2023-05-18,7,20,Debit Card,Delivered
O00235,C0092,P029,2023-02-07,3,18,Net Banking,Cancelled
O00236,C0081,P012,2023-04-21,8,10,Debit Card,Delivered
O00237,C0069,P039,2023-08-08,7,15,Net Banking,Pending
O00238,C0095,P002,2023-12-03,8,20,Cash,Pending
O00239,C0005,P032,2023-08-11,7,2,UPI,Cancelled
O00240,C0003,P013,2023-05-16,6,5,Credit Card,Pending
O00241,C0053,P046,2023-09-13,7,13,UPI,Cancelled
O00242,C0023,P027,2023-12-26,5,17,Net Banking,Cancelled
O00243,C0053,P049,2023-11-25,7,16,Net Banking,Pending
O00244,C0037,P041,2023-02-18,1,3,UPI,Pending
O00245,C0074,P017,2023-10-19,1,14,Net Banking,Cancelled
O00246,C0074,P040,2023-11-20,9,10,Debit Card,Pending
O00247,C0083,P031,2023-03-19,5,2,Debit Card,Delivered
O00248,C0017,P034,2023-04-15,5,2,Net Banking,Pending
O00249,C0085,P024,2023-06-18,3,15,Net Banking,Pending
O00250,C0078,P045,2023-08-05,5,4,Debit Card,Delivered
O00251,C0073,P035,2023-04-29,3,20,Net Banking,Pending
O00252,C0001,P048,2023-07-09,9,9,Net Banking,Pending
O00253,C0051,P006,2023-09-12,9,18,UPI,Cancelled
O00254,C0045,P019,2023-09-23,6,3,Credit Card,Pending
O00255,C0077,P030,2023-05-29,1,18,Debit Card,Pending
O00256,C0004,P007,2023-06-13,7,10,UPI,Delivered
O00257,C0062,P010,2023-05-20,7,1,Credit Card,Cancelled
O00258,C0065,P041,2023-12-13,4,9,Net Banking,Cancelled
O00259,C0032,P032,2023-09-15,8,10,Net Banking,Cancelled
O00260,C0034,P034,2023-09-26,6,19,UPI,Pending
O00261,C0092,P028,2023-06-30,4,15,Net Banking,Cancelled
O00262,C0095,P015,2023-06-09,4,18,Cash,Delivered
O00263,C0072,P030,2023-12-17,2,10,UPI,Cancelled
O00264,C0039,P037,2023-10-15,2,13,Credit Card,Delivered
O00265,C0026,P029,2023-10-15,4,1,UPI,Cancelled
O00266,C0034,P022,2023-08-14,5,4,Debit Card,Cancelled
O00267,C0054,P004,2023-01-11,8,4,UPI,Delivered
O00268,C0003,P020,2023-01-10,6,18,Net Banking,Cancelled
O00269,C0050,P032,2023-09-28,4,20,Net Banking,Cancelled
O00270,C0012,P036,2023-09-30,7,11,Cash,Cancelled
O00271,C0065,P050,2023-07-02,8,17,Cash,Pending
O00272,C0054,P004,2023-06-02,2,3,Cash,Delivered
O00273,C0005,P027,2023-11-11,7,16,Credit Card,Cancelled
O00274,C0094,P017,2023-11-30,2,9,Cash,Delivered
O00275,C0094,P012,2023-05-04,2,19,Credit Card,Delivered
O00276,C0057,P022,2023-04-24,8,5,Cash,Delivered
O00277,C0017,P017,2023-10-05,2,13,Credit Card,Cancelled
O00278,C0047,P010,2023-08-01,9,10,UPI,Cancelled
O00279,C0023,P001,2023-06-21,1,10,UPI,Delivered
O00280,C0079,P022,2023-10-15,9,17,Net Banking,Pending
O00281,C0085,P026,2023-06-23,1,17,Credit Card,Delivered
O00282,C0014,P018,2023-04-23,2,10,Debit Card,Pending
O00283,C0066,P050,2023-05-02,6,20,Net Banking,Delivered
O00284,C0075,P014,2023-02-01,6,11,UPI,Delivered
O00285,C0051,P047,2023-08-10,1,4,Credit Card,Delivered
O00286,C0038,P029,2023-04-29,7,8,Cash,Cancelled
O00287,C0064,P012,2023-02-08,8,8,Debit Card,Pending
O00288,C0098,P036,2023-09-25,2,9,UPI,Pending
O00289,C0038,P035,2023-08-21,8,18,Net Banking,Delivered
O00290,C0050,P012,2023-01-18,9,0,Credit Card,Cancelled
O00291,C0098,P007,2023-05-29,6,6,Debit Card,Cancelled
O00292,C0082,P029,2023-05-29,5,3,Credit Card,Pending
O00293,C0030,P011,2023-05-06,9,0,Cash,Cancelled
O00294,C0079,P033,2023-10-29,9,14,Net Banking,Pending
O00295,C0091,P006,2023-12-26,1,7,Credit Card,Pending
O00296,C0051,P047,2023-08-26,3,11,UPI,Pending
O00297,C0063,P015,2023-05-15,9,17,Net Banking,Cancelled
O00298,C0098,P032,2023-05-31,2,14,UPI,Pending
O00299,C0052,P011,2023-08-24,4,16,Credit Card,Pending
O00300,C0038,P023,2023-08-12,4,13,Net Banking,Delivered
O00301,C0097,P026,2023-07-22,2,13,UPI,Pending
O00302,C0088,P034,2023-09-13,3,17,Cash,Pending
O00303,C0079,P046,2023-03-27,3,19,Cash,Delivered
O00304,C0030,P034,2023-05-30,1,17,Credit Card,Delivered
O00305,C0051,P029,2023-08-23,6,15,Net Banking,Cancelled
O00306,C0081,P004,2023-12-11,8,0,Debit Card,Pending
O00307,C0005,P017,2023-01-22,3,10,Net Banking,Cancelled
O00308,C0029,P035,2023-12-14,5,14,Cash,Cancelled
O00309,C0004,P013,2023-10-12,1,11,UPI,Delivered
O00310,C0010,P041,2023-09-26,7,7,Debit Card,Cancelled
O00311,C0056,P039,2023-09-15,1,19,Credit Card,Pending
O00312,C0017,P015,2023-01-29,9,5,Debit Card,Delivered
O00313,C0074,P029,2023-08-01,8,2,Credit Card,Pending
O00314,C0017,P029,2023-10-10,7,12,Debit Card,Pending
O00315,C0084,P011,2023-02-19,7,12,Credit Card,Delivered
O00316,C0088,P032,2023-04-05,5,1,Credit Card,Pending
O00317,C0069,P002,2023-03-29,5,4,Debit Card,Delivered
O00318,C0034,P047,2023-02-13,5,16,Debit Card,Pending
O00319,C0006,P014,2023-10-05,1,5,Credit Card,Delivered
O00320,C0053,P020,2023-06-20,8,1,Cash,Cancelled
O00321,C0066,P022,2023-07-08,1,3,Debit Card,Pending
O00322,C0077,P011,2023-12-19,4,10,Net Banking,Delivered
O00323,C0043,P027,2023-07-03,9,7,UPI,Pending
O00324,C0075,P003,2023-01-03,9,11,Credit Card,Pending
O00325,C0023,P017,2023-07-10,5,7,Credit Card,Pending
O00326,C0055,P044,2023-04-28,4,10,UPI,Delivered
O00327,C0080,P028,2023-01-19,3,19,Cash,Cancelled
O00328,C0095,P029,2023-01-23,3,7,UPI,Cancelled
O00329,C0075,P021,2023-01-30,5,7,Debit Card,Cancelled
O00330,C0016,P047,2023-10-22,1,16,UPI,Delivered
O00331,C0008,P016,2023-04-18,5,19,Credit Card,Cancelled
O00332,C0004,P037,2023-10-08,6,19,UPI,Delivered
O00333,C0004,P020,2023-05-08,7,15,Net Banking,Pending
O00334,C0056,P006,2023-08-17,9,13,Debit Card,Pending
O00335,C0025,P019,2023-04-21,3,10,UPI,Cancelled
O00336,C0067,P005,2023-05-16,2,6,Credit Card,Delivered
O00337,C0096,P003,2023-12-28,3,15,Debit Card,Pending
O00338,C0067,P001,2023-07-05,9,12,Credit Card,Delivered
O00339,C0027,P038,2023-05-24,7,14,Cash,Delivered
O00340,C0093,P015,2023-03-13,9,15,Net Banking,Pending
O00341,C0032,P034,2023-05-09,2,20,Cash,Delivered
O00342,C0050,P035,2023-12-30,5,8,Net Banking,Pending
O00343,C0061,P049,2023-09-18,4,2,UPI,Pending
O00344,C0051,P025,2023-01-03,2,18,Debit Card,Pending
O00345,C0019,P024,2023-04-14,9,19,UPI,Delivered
O00346,C0021,P012,2023-08-12,9,4,Net Banking,Pending
O00347,C0005,P018,2023-11-16,6,9,Net Banking,Delivered
O00348,C0082,P015,2023-12-28,6,16,Net Banking,Pending
O00349,C0092,P044,2023-12-20,8,14,Credit Card,Pending
O00350,C0042,P016,2023-01-10,6,7,Debit Card,Cancelled
O00351,C0061,P027,2023-10-29,1,14,UPI,Cancelled
O00352,C0022,P008,2023-08-19,4,20,UPI,Cancelled
O00353,C0021,P046,2023-08-07,7,13,Cash,Delivered
O00354,C0070,P025,2023-03-07,2,19,Net Banking,Delivered
O00355,C0001,P017,2023-04-22,9,6,Net Banking,Pending
O00356,C0005,P029,2023-01-13,8,20,Net Banking,Pending
O00357,C0012,P008,2023-03-27,8,11,UPI,Pending
O00358,C0090,P015,2023-08-22,7,16,Cash,Pending
O00359,C0046,P027,2023-03-31,4,16,Credit Card,Delivered
O00360,C0034,P046,2023-11-10,2,9,Debit Card,Pending
O00361,C0049,P050,2023-02-23,3,18,Credit Card,Pending
O00362,C0078,P007,2023-01-12,6,13,UPI,Cancelled
O00363,C0090,P003,2023-07-28,5,10,Net Banking,Pending
O00364,C0045,P029,2023-01-14,8,1,Debit Card,Pending
O00365,C0027,P044,2023-05-01,6,17,UPI,Pending
O00366,C0073,P024,2023-01-20,6,6,UPI,Delivered
O00367,C0026,P003,2023-03-16,1,11,UPI,Cancelled
O00368,C0047,P020,2023-08-31,4,1,Debit Card,Pending
O00369,C0086,P046,2023-08-11,5,19,Debit Card,Pending
O00370,C0056,P015,2023-03-11,3,17,Cash,Cancelled
O00371,C0094,P025,2023-11-08,9,5,Cash,Pending
O00372,C0063,P030,2023-07-30,1,9,Credit Card,Delivered
O00373,C0048,P014,2023-04-11,6,19,Debit Card,Pending
O00374,C0061,P007,2023-07-05,6,14,Debit Card,Delivered
O00375,C0081,P017,2023-05-12,5,4,Debit Card,Delivered
O00376,C0026,P044,2023-04-21,5,19,Cash,Pending
O00377,C0036,P020,2023-05-12,5,2,UPI,Cancelled
O00378,C0001,P036,2023-01-20,6,4,Net Banking,Delivered
O00379,C0008,P009,2023-01-24,8,7,Cash,Cancelled
O00380,C0099,P038,2023-08-15,2,7,Debit Card,Pending
O00381,C0052,P048,2023-06-03,6,7,Cash,Delivered
O00382,C0079,P022,2023-10-20,1,11,Credit Card,Pending
O00383,C0047,P002,2023-08-18,4,7,Debit Card,Cancelled
O00384,C0056,P024,2023-11-06,3,10,Credit Card,Pending
O00385,C0086,P008,2023-12-25,9,13,Debit Card,Pending
O00386,C0014,P011,2023-07-21,3,7,Cash,Delivered
O00387,C0090,P013,2023-02-07,6,9,UPI,Pending
O00388,C0028,P017,2023-09-17,1,6,Net Banking,Pending
O00389,C0087,P008,2023-07-07,6,16,Credit Card,Pending
O00390,C0078,P021,2023-02-26,4,3,Cash,Delivered
O00391,C0088,P018,2023-01-20,8,12,UPI,Cancelled
O00392,C0002,P030,2023-09-30,9,3,Cash,Cancelled
O00393,C0026,P018,2023-04-29,4,4,Credit Card,Pending
O00394,C0014,P046,2023-03-12,6,3,Net Banking,Delivered
O00395,C0059,P047,2023-01-04,1,17,Cash,Pending
O00396,C0056,P031,2023-08-09,4,5,Debit Card,Cancelled
O00397,C0007,P038,2023-01-14,7,1,UPI,Delivered
O00398,C0003,P032,2023-01-03,1,10,Cash,Cancelled
O00399,C0023,P011,2023-08-04,8,13,UPI,Cancelled
O00400,C0018,P045,2023-08-17,6,4,Debit Card,Delivered
O00401,C0038,P025,2023-12-02,5,5,Net Banking,Delivered
O00402,C0099,P033,2023-07-05,9,9,Net Banking,Pending
O00403,C0015,P038,2023-02-24,2,7,Debit Card,Pending
O00404,C0064,P041,2023-09-11,5,13,UPI,Cancelled
O00405,C0089,P008,2023-01-24,6,2,Cash,Delivered
O00406,C0028,P011,2023-06-11,7,11,Debit Card,Delivered
O00407,C0074,P022,2023-06-07,5,15,Credit Card,Pending
O00408,C0039,P024,2023-03-23,9,16,UPI,Cancelled
O00409,C0057,P041,2023-06-08,1,0,Net Banking,Cancelled
O00410,C0017,P017,2023-07-07,7,9,Debit Card,Pending
O00411,C0086,P012,2023-03-01,7,9,Net Banking,Delivered
O00412,C0090,P046,2023-11-01,4,20,UPI,Pending
O00413,C0044,P032,2023-11-15,9,1,Net Banking,Pending
O00414,C0025,P015,2023-07-30,5,8,Debit Card,Pending
O00415,C0017,P016,2023-06-01,4,12,UPI,Pending
O00416,C0013,P022,2023-04-19,7,15,Credit Card,Delivered
O00417,C0084,P028,2023-03-17,4,17,Debit Card,Pending
O00418,C0025,P020,2023-01-30,3,18,Cash,Delivered
O00419,C0068,P033,2023-11-10,9,11,Debit Card,Pending
O00420,C0010,P010,2023-04-27,8,7,UPI,Cancelled
O00421,C0067,P040,2023-12-22,1,16,Debit Card,Delivered
O00422,C0018,P032,2023-07-11,7,14,Credit Card,Cancelled
O00423,C0100,P050,2023-01-19,9,9,Credit Card,Pending
O00424,C0086,P033,2023-06-22,8,14,Cash,Pending
O00425,C0034,P002,2023-08-16,8,14,Net Banking,Pending
O00426,C0008,P033,2023-12-16,6,6,UPI,Delivered
O00427,C0040,P033,2023-07-02,4,12,UPI,Cancelled
O00428,C0083,P041,2023-04-23,8,16,Net Banking,Delivered
O00429,C0042,P013,2023-07-02,3,8,Credit Card,Delivered
O00430,C0041,P030,2023-05-26,9,7,Credit Card,Pending
O00431,C0006,P033,2023-11-15,2,19,Debit Card,Cancelled
O00432,C0052,P013,2023-04-26,2,20,Cash,Pending
O00433,C0026,P026,2023-04-23,7,17,Cash,Delivered
O00434,C0064,P022,2023-09-08,4,12,Cash,Pending
O00435,C0098,P039,2023-09-08,8,15,Debit Card,Cancelled
O00436,C0059,P002,2023-10-30,9,8,Cash,Pending
O00437,C0056,P038,2023-11-09,7,11,Net Banking,Cancelled
O00438,C0059,P039,2023-04-28,5,11,Debit Card,Cancelled
O00439,C0070,P026,2023-10-28,8,5,Net Banking,Pending
O00440,C0033,P046,2023-06-10,4,18,Debit Card,Delivered
O00441,C0053,P050,2023-07-17,2,6,Cash,Pending
O00442,C0022,P015,2023-09-17,6,2,Net Banking,Delivered
O00443,C0021,P034,2023-05-28,9,15,Net Banking,Delivered
O00444,C0070,P042,2023-08-28,1,17,Net Banking,Pending
O00445,C0070,P044,2023-02-16,7,15,Debit Card,Delivered
O00446,C0004,P049,2023-07-17,9,6,UPI,Delivered
O00447,C0094,P040,2023-02-16,9,3,Cash,Pending
O00448,C0075,P011,2023-03-19,3,7,Net Banking,Pending
O00449,C0062,P003,2023-05-04,5,12,UPI,Pending
O00450,C0062,P006,2023-03-16,8,12,Cash,Delivered
O00451,C0094,P009,2023-12-25,8,16,Cash,Cancelled
O00452,C0095,P006,2023-05-17,4,16,Net Banking,Delivered
O00453,C0024,P009,2023-03-31,1,4,Net Banking,Cancelled
O00454,C0055,P039,2023-11-21,1,5,Debit Card,Pending
O00455,C0009,P031,2023-03-02,4,18,UPI,Cancelled
O00456,C0003,P032,2023-05-18,6,12,UPI,Pending
O00457,C0031,P041,2023-02-19,8,13,Net Banking,Pending
O00458,C0040,P050,2023-09-16,6,3,Cash,Cancelled
O00459,C0036,P012,2023-04-17,9,6,Net Banking,Pending
O00460,C0024,P008,2023-04-23,9,7,Cash,Cancelled
O00461,C0095,P008,2023-12-16,2,12,Cash,Pending
O00462,C0006,P050,2023-09-11,1,5,Net Banking,Delivered
O00463,C0066,P028,2023-04-28,2,5,Credit Card,Delivered
O00464,C0084,P020,2023-07-17,5,20,UPI,Pending
O00465,C0092,P047,2023-12-03,4,2,Cash,Pending
O00466,C0075,P007,2023-12-31,4,2,Cash,Cancelled
O00467,C0004,P011,2023-02-20,9,12,Credit Card,Delivered
O00468,C0079,P020,2023-09-02,8,1,Debit Card,Cancelled
O00469,C0006,P016,2023-02-04,6,15,Credit Card,Pending
O00470,C0094,P004,2023-10-29,1,5,Credit Card,Pending
O00471,C0051,P006,2023-03-10,2,7,Cash,Cancelled
O00472,C0062,P022,2023-12-15,6,7,UPI,Pending
O00473,C0057,P026,2023-11-16,2,5,Credit Card,Delivered
O00474,C0066,P003,2023-02-18,5,13,Debit Card,Cancelled
O00475,C0079,P041,2023-03-15,5,2,Net Banking,Delivered
O00476,C0075,P042,2023-07-11,6,9,Credit Card,Delivered
O00477,C0008,P014,2023-09-18,6,2,Credit Card,Delivered
O00478,C0026,P011,2023-12-22,6,11,Debit Card,Cancelled
O00479,C0051,P018,2023-03-11,2,16,UPI,Pending
O00480,C0045,P012,2023-03-31,3,4,Credit Card,Delivered
O00481,C0044,P023,2023-09-17,6,19,Credit Card,Delivered
O00482,C0005,P012,2023-05-06,8,8,UPI,Delivered
O00483,C0070,P013,2023-08-19,1,20,Debit Card,Pending
O00484,C0026,P025,2023-10-22,1,19,Credit Card,Pending
O00485,C0068,P045,2023-05-09,2,6,UPI,Cancelled
O00486,C0019,P019,2023-10-07,6,3,Credit Card,Pending
O00487,C0084,P046,2023-11-09,9,12,Net Banking,Cancelled
O00488,C0097,P036,2023-04-10,4,12,Cash,Cancelled
O00489,C0020,P045,2023-11-22,3,9,Net Banking,Cancelled
O00490,C0012,P008,2023-10-24,8,17,Credit Card,Cancelled
O00491,C0047,P029,2023-07-01,9,16,Debit Card,Cancelled
O00492,C0001,P032,2023-06-23,5,19,Cash,Delivered
O00493,C0090,P044,2023-11-12,9,19,Net Banking,Pending
O00494,C0014,P018,2023-12-30,2,12,UPI,Delivered
O00495,C0064,P006,2023-07-07,3,16,Debit Card,Cancelled
O00496,C0038,P018,2023-02-26,7,3,Net Banking,Pending
O00497,C0037,P019,2023-01-31,7,0,UPI,Delivered
O00498,C0011,P022,2023-03-25,6,0,Credit Card,Delivered
O00499,C0100,P037,2023-06-01,6,14,UPI,Cancelled
O00500,C0077,P032,2023-02-05,2,12,Net Banking,Delivered
O00501,C0003,P041,2023-08-01,6,16,Net Banking,Delivered
O00502,C0033,P003,2023-12-30,4,7,Credit Card,Delivered
O00503,C0006,P028,2023-04-16,3,17,UPI,Delivered
O00504,C0050,P010,2023-12-08,2,12,UPI,Delivered
O00505,C0010,P035,2023-08-08,1,13,Credit Card,Cancelled
O00506,C0005,P029,2023-06-12,5,7,UPI,Cancelled
O00507,C0023,P015,2023-08-08,2,7,Credit Card,Delivered
O00508,C0010,P033,2023-09-27,2,14,Debit Card,Cancelled
O00509,C0044,P007,2023-04-30,7,12,Net Banking,Cancelled
O00510,C0002,P012,2023-12-02,8,6,Debit Card,Pending
O00511,C0013,P049,2023-07-01,8,4,Cash,Delivered
O00512,C0040,P030,2023-04-16,4,16,Cash,Cancelled
O00513,C0002,P021,2023-08-05,1,15,Cash,Cancelled
O00514,C0084,P031,2023-07-24,7,1,Credit Card,Delivered
O00515,C0065,P024,2023-03-11,1,17,UPI,Pending
O00516,C0063,P020,2023-02-13,4,16,Debit Card,Delivered
O00517,C0073,P037,2023-11-25,8,6,Debit Card,Pending
O00518,C0017,P004,2023-10-28,2,12,Debit Card,Delivered
O00519,C0009,P028,2023-08-16,6,17,Debit Card,Delivered
O00520,C0075,P044,2023-07-03,6,13,Cash,Delivered
O00521,C0015,P020,2023-04-17,9,17,Debit Card,Delivered
O00522,C0024,P024,2023-03-25,5,12,UPI,Pending
O00523,C0038,P050,2023-12-04,4,10,Cash,Pending
O00524,C0035,P049,2023-09-07,5,20,Debit Card,Cancelled
O00525,C0094,P032,2023-12-29,5,20,Credit Card,Delivered
O00526,C0095,P041,2023-01-21,8,15,Net Banking,Pending
O00527,C0049,P036,2023-07-15,8,16,Net Banking,Pending
O00528,C0069,P034,2023-06-27,2,7,Net Banking,Pending
O00529,C0062,P036,2023-01-07,7,18,Cash,Delivered
O00530,C0060,P002,2023-03-11,8,19,Debit Card,Cancelled
O00531,C0050,P015,2023-05-07,6,14,Cash,Pending
O00532,C0078,P034,2023-06-09,5,8,UPI,Delivered
O00533,C0075,P036,2023-09-05,9,19,Credit Card,Pending
O00534,C0009,P006,2023-07-22,3,9,Credit Card,Pending
O00535,C0034,P039,2023-05-28,4,11,Net Banking,Cancelled
O00536,C0076,P042,2023-05-23,9,20,Net Banking,Pending
O00537,C0099,P012,2023-07-18,6,19,Net Banking,Pending
O00538,C0035,P003,2023-06-03,8,0,Debit Card,Delivered
O00539,C0001,P045,2023-05-22,7,19,UPI,Delivered
O00540,C0040,P018,2023-11-09,2,8,UPI,Cancelled
O00541,C0064,P040,2023-06-14,3,14,UPI,Delivered
O00542,C0022,P021,2023-11-10,1,0,UPI,Delivered
O00543,C0060,P015,2023-01-21,9,11,Net Banking,Cancelled
O00544,C0064,P033,2023-03-23,7,2,Credit Card,Pending
O00545,C0093,P035,2023-03-10,1,10,Net Banking,Cancelled
O00546,C0072,P026,2023-05-11,3,1,UPI,Delivered
O00547,C0011,P008,2023-03-28,4,15,Net Banking,Cancelled
O00548,C0014,P036,2023-08-06,4,8,UPI,Pending
O00549,C0060,P048,2023-11-01,5,14,Cash,Cancelled
O00550,C0030,P030,2023-12-11,3,11,Credit Card,Delivered
O00551,C0035,P023,2023-12-07,3,0,Cash,Delivered
O00552,C0085,P042,2023-06-10,1,12,Debit Card,Cancelled
O00553,C0037,P044,2023-06-27,7,13,Net Banking,Pending
O00554,C0005,P014,2023-04-27,1,7,Debit Card,Cancelled
O00555,C0083,P014,2023-07-15,2,7,Net Banking,Pending
O00556,C0078,P002,2023-11-23,4,11,Cash,Pending
O00557,C0026,P037,2023-03-27,4,0,UPI,Cancelled
O00558,C0062,P005,2023-10-16,5,10,UPI,Pending
O00559,C0004,P038,2023-03-22,2,7,Net Banking,Delivered
O00560,C0089,P045,2023-06-01,4,9,UPI,Cancelled
O00561,C0042,P041,2023-03-02,1,18,Cash,Pending
O00562,C0089,P047,2023-03-02,2,10,UPI,Delivered
O00563,C0018,P014,2023-12-20,1,6,Cash,Cancelled
O00564,C0040,P039,2023-01-28,4,10,Debit Card,Delivered
O00565,C0072,P025,2023-02-12,4,16,Cash,Delivered
O00566,C0039,P020,2023-06-18,7,0,Credit Card,Delivered
O00567,C0014,P002,2023-03-27,9,20,Credit Card,Pending
O00568,C0032,P039,2023-06-26,9,20,Credit Card,Cancelled
O00569,C0051,P006,2023-01-17,5,7,Net Banking,Cancelled
O00570,C0038,P017,2023-04-08,1,5,Net Banking,Pending
O00571,C0097,P025,2023-07-17,1,17,Net Banking,Cancelled
O00572,C0023,P028,2023-04-08,6,5,Cash,Delivered
O00573,C0063,P002,2023-03-06,2,4,Net Banking,Cancelled
O00574,C0015,P035,2023-11-26,8,12,Debit Card,Pending
O00575,C0097,P037,2023-12-07,9,18,Credit Card,Delivered
O00576,C0025,P005,2023-01-05,4,7,Cash,Pending
O00577,C0017,P001,2023-01-02,5,8,Credit Card,Delivered
O00578,C0097,P040,2023-01-22,8,16,Net Banking,Delivered
O00579,C0066,P012,2023-04-22,3,2,Cash,Cancelled
O00580,C0078,P036,2023-02-26,5,18,UPI,Delivered
O00581,C0053,P045,2023-03-07,3,10,Debit Card,Pending
O00582,C0051,P023,2023-11-26,3,16,Net Banking,Cancelled
O00583,C0039,P047,2023-04-08,3,20,Net Banking,Pending
O00584,C0051,P031,2023-05-24,7,18,Debit Card,Delivered
O00585,C0070,P011,2023-05-05,7,1,Debit Card,Pending
O00586,C0006,P010,2023-06-16,7,7,UPI,Pending
O00587,C0067,P003,2023-03-27,8,18,Net Banking,Delivered
O00588,C0007,P014,2023-03-17,5,6,Net Banking,Cancelled
O00589,C0051,P016,2023-12-10,5,16,Credit Card,Pending
O00590,C0072,P010,2023-10-21,4,5,Cash,Delivered
O00591,C0042,P029,2023-02-28,7,18,Cash,Cancelled
O00592,C0064,P010,2023-05-18,4,5,Credit Card,Cancelled
O00593,C0015,P012,2023-04-09,2,1,Cash,Cancelled
O00594,C0029,P030,2023-07-11,4,5,Debit Card,Pending
O00595,C0033,P041,2023-08-31,8,4,Cash,Pending
O00596,C0094,P001,2023-11-15,9,18,Cash,Pending
O00597,C0027,P005,2023-02-18,3,19,Credit Card,Cancelled
O00598,C0036,P020,2023-02-01,7,3,UPI,Pending
O00599,C0029,P008,2023-10-04,9,16,Cash,Delivered
O00600,C0038,P043,2023-01-20,4,10,Cash,Pending
O00601,C0057,P012,2023-06-03,3,3,UPI,Pending
O00602,C0097,P001,2023-03-09,5,12,Credit Card,Cancelled
O00603,C0027,P020,2023-08-02,1,19,UPI,Pending
O00604,C0055,P028,2023-05-23,3,16,Credit Card,Delivered
O00605,C0033,P043,2023-08-20,8,8,Debit Card,Cancelled
O00606,C0068,P037,2023-08-01,8,3,Credit Card,Delivered
O00607,C0086,P047,2023-03-20,4,13,Debit Card,Cancelled
O00608,C0066,P037,2023-08-02,2,18,Debit Card,Cancelled
O00609,C0010,P012,2023-04-26,8,2,Credit Card,Pending
O00610,C0005,P037,2023-04-02,8,13,Net Banking,Delivered
O00611,C0074,P049,2023-09-27,4,7,Credit Card,Cancelled
O00612,C0097,P049,2023-06-17,3,0,Cash,Pending
O00613,C0038,P044,2023-02-27,2,9,Cash,Cancelled
O00614,C0013,P028,2023-10-11,9,17,Net Banking,Cancelled
O00615,C0031,P047,2023-01-26,1,15,Debit Card,Cancelled
O00616,C0047,P015,2023-03-07,7,7,Net Banking,Cancelled
O00617,C0100,P006,2023-09-05,5,0,Cash,Cancelled
O00618,C0088,P044,2023-09-11,8,11,Net Banking,Cancelled
O00619,C0052,P020,2023-02-13,4,7,Credit Card,Pending
O00620,C0056,P050,2023-04-07,7,15,Net Banking,Cancelled
O00621,C0015,P014,2023-02-11,5,17,Debit Card,Delivered
O00622,C0029,P002,2023-08-15,5,3,Credit Card,Pending
O00623,C0008,P009,2023-09-19,9,5,UPI,Delivered
O00624,C0005,P037,2023-06-16,9,11,Cash,Cancelled
O00625,C0029,P020,2023-10-06,9,8,Cash,Delivered
O00626,C0047,P026,2023-03-30,6,14,Net Banking,Cancelled
O00627,C0068,P029,2023-06-27,6,15,Credit Card,Cancelled
O00628,C0076,P001,2023-07-16,5,11,UPI,Pending
O00629,C0045,P035,2023-11-03,9,13,Credit Card,Pending
O00630,C0002,P006,2023-09-24,8,12,Cash,Cancelled
O00631,C0027,P037,2023-09-25,7,1,Credit Card,Pending
O00632,C0095,P005,2023-03-15,7,2,UPI,Delivered
O00633,C0036,P033,2023-01-08,6,9,Net Banking,Pending
O00634,C0036,P049,2023-10-24,5,8,Debit Card,Pending
O00635,C0026,P014,2023-06-13,4,19,Credit Card,Delivered
O00636,C0043,P012,2023-03-26,3,7,Debit Card,Pending
O00637,C0027,P042,2023-03-13,3,9,Cash,Cancelled
O00638,C0069,P020,2023-02-24,6,18,Net Banking,Delivered
O00639,C0020,P050,2023-02-16,4,2,Net Banking,Cancelled
O00640,C0011,P024,2023-08-26,6,4,Credit Card,Delivered
O00641,C0074,P043,2023-04-14,3,2,Net Banking,Cancelled
O00642,C0038,P034,2023-07-29,4,15,Credit Card,Cancelled
O00643,C0006,P025,2023-02-11,9,16,Credit Card,Pending
O00644,C0072,P050,2023-11-12,5,14,Debit Card,Cancelled
O00645,C0023,P029,2023-09-25,7,2,Net Banking,Pending
O00646,C0047,P039,2023-09-20,2,11,Credit Card,Delivered
O00647,C0090,P031,2023-12-02,5,8,Debit Card,Cancelled
O00648,C0046,P047,2023-12-31,9,20,UPI,Cancelled
O00649,C0012,P043,2023-09-16,3,11,Debit Card,Delivered
O00650,C0090,P050,2023-10-10,9,14,Debit Card,Delivered
O00651,C0013,P023,2023-04-24,6,1,Credit Card,Cancelled
O00652,C0062,P044,2023-12-29,4,17,Cash,Delivered
O00653,C0082,P038,2023-02-09,7,19,Cash,Pending
O00654,C0089,P020,2023-08-08,8,11,Cash,Delivered
O00655,C0097,P023,2023-05-09,6,3,Debit Card,Delivered
O00656,C0060,P045,2023-01-08,5,15,Credit Card,Cancelled
O00657,C0043,P016,2023-04-11,6,15,Net Banking,Pending
O00658,C0076,P050,2023-06-25,5,0,Debit Card,Delivered
O00659,C0100,P042,2023-04-17,8,1,Debit Card,Pending
O00660,C0068,P008,2023-04-11,1,2,Credit Card,Pending
O00661,C0005,P050,2023-09-17,7,20,UPI,Pending
O00662,C0037,P021,2023-09-03,2,19,Debit Card,Cancelled
O00663,C0072,P001,2023-10-02,9,16,UPI,Delivered
O00664,C0092,P008,2023-02-01,1,19,UPI,Cancelled
O00665,C0031,P029,2023-05-17,6,20,Cash,Delivered
O00666,C0009,P032,2023-01-12,9,0,Credit Card,Delivered
O00667,C0051,P038,2023-10-29,1,19,UPI,Cancelled
O00668,C0029,P005,2023-01-16,4,5,Credit Card,Pending
O00669,C0078,P047,2023-05-09,4,14,Cash,Pending
O00670,C0040,P022,2023-03-04,9,13,Credit Card,Delivered
O00671,C0041,P047,2023-04-19,5,19,Debit Card,Cancelled
O00672,C0086,P034,2023-01-21,5,14,UPI,Pending
O00673,C0011,P001,2023-06-07,6,13,Credit Card,Pending
O00674,C0023,P026,2023-09-26,1,20,Net Banking,Delivered
O00675,C0001,P043,2023-06-11,1,4,Credit Card,Delivered
O00676,C0046,P010,2023-09-17,9,5,UPI,Cancelled
O00677,C0021,P030,2023-04-12,3,16,Cash,Delivered
O00678,C0090,P050,2023-08-11,4,10,Cash,Pending
O00679,C0036,P018,2023-02-28,1,15,UPI,Pending
O00680,C0054,P017,2023-09-04,9,11,Debit Card,Pending
O00681,C0087,P026,2023-05-08,8,14,Debit Card,Pending
O00682,C0057,P008,2023-10-10,2,3,Cash,Cancelled
O00683,C0001,P047,2023-11-21,8,17,Cash,Cancelled
O00684,C0063,P040,2023-01-25,7,20,UPI,Delivered
O00685,C0054,P049,2023-05-11,6,2,Debit Card,Delivered
O00686,C0055,P012,2023-12-19,1,7,Cash,Delivered
O00687,C0040,P027,2023-07-15,7,2,Debit Card,Cancelled
O00688,C0015,P008,2023-10-08,7,7,Cash,Pending
O00689,C0021,P025,2023-06-03,9,17,Credit Card,Delivered
O00690,C0047,P046,2023-05-13,1,9,Net Banking,Pending
O00691,C0073,P004,2023-08-15,2,19,Credit Card,Delivered
O00692,C0053,P033,2023-07-08,9,16,Cash,Delivered
O00693,C0009,P001,2023-09-22,9,7,Net Banking,Delivered
O00694,C0074,P019,2023-05-14,6,10,Net Banking,Delivered
O00695,C0052,P031,2023-07-30,6,4,Cash,Delivered
O00696,C0057,P016,2023-03-01,4,12,Cash,Pending
O00697,C0026,P014,2023-12-30,4,20,Debit Card,Delivered
O00698,C0041,P048,2023-12-30,5,4,Cash,Pending
O00699,C0035,P005,2023-08-01,3,12,UPI,Cancelled
O00700,C0063,P041,2023-08-04,1,5,Cash,Delivered
O00701,C0025,P026,2023-08-14,1,4,UPI,Pending
O00702,C0090,P028,2023-05-11,7,8,Cash,Cancelled
O00703,C0075,P002,2023-03-17,1,15,Debit Card,Cancelled
O00704,C0038,P050,2023-10-13,1,1,UPI,Cancelled
O00705,C0002,P006,2023-10-04,3,0,Credit Card,Pending
O00706,C0007,P009,2023-06-05,4,7,UPI,Delivered
O00707,C0082,P033,2023-09-05,4,18,Debit Card,Delivered
O00708,C0091,P041,2023-08-06,2,10,UPI,Pending
O00709,C0034,P025,2023-07-09,1,11,Cash,Delivered
O00710,C0091,P048,2023-06-12,3,11,Cash,Pending
O00711,C0017,P013,2023-06-29,4,6,Debit Card,Delivered
O00712,C0043,P009,2023-02-03,3,12,Net Banking,Cancelled
O00713,C0059,P013,2023-02-10,8,7,Cash,Delivered
O00714,C0051,P031,2023-11-03,1,8,Credit Card,Pending
O00715,C0054,P041,2023-12-04,2,6,Debit Card,Pending
O00716,C0024,P011,2023-11-10,7,20,UPI,Cancelled
O00717,C0025,P004,2023-03-16,4,14,UPI,Pending
O00718,C0071,P034,2023-10-06,8,1,Credit Card,Delivered
O00719,C0052,P038,2023-06-25,3,19,Cash,Delivered
O00720,C0070,P046,2023-05-30,6,11,Debit Card,Cancelled
O00721,C0088,P004,2023-09-30,9,0,Credit Card,Pending
O00722,C0033,P038,2023-11-21,1,7,Cash,Cancelled
O00723,C0049,P019,2023-04-18,1,4,Debit Card,Delivered
O00724,C0029,P006,2023-05-19,8,14,UPI,Cancelled
O00725,C0063,P034,2023-12-16,3,0,Debit Card,Pending
O00726,C0022,P018,2023-09-28,5,0,Net Banking,Cancelled
O00727,C0026,P013,2023-12-13,1,9,Debit Card,Pending
O00728,C0028,P041,2023-10-16,5,9,Net Banking,Pending
O00729,C0085,P023,2023-07-31,6,20,Debit Card,Delivered
O00730,C0049,P019,2023-09-29,8,14,Net Banking,Delivered
O00731,C0071,P045,2023-03-07,3,16,UPI,Delivered
O00732,C0081,P011,2023-09-05,3,5,Cash,Pending
O00733,C0084,P001,2023-06-05,9,2,Net Banking,Cancelled
O00734,C0049,P024,2023-02-16,4,12,Net Banking,Pending
O00735,C0020,P007,2023-07-20,4,15,UPI,Delivered
O00736,C0086,P025,2023-05-28,7,7,Net Banking,Delivered
O00737,C0092,P021,2023-05-04,2,14,Credit Card,Cancelled
O00738,C0063,P015,2023-01-01,8,16,UPI,Delivered
O00739,C0061,P001,2023-09-04,6,16,Credit Card,Delivered
O00740,C0049,P012,2023-12-09,3,12,UPI,Delivered
O00741,C0071,P007,2023-05-08,9,16,Net Banking,Cancelled
O00742,C0001,P015,2023-07-10,5,5,Credit Card,Pending
O00743,C0096,P021,2023-03-08,8,16,Net Banking,Delivered
O00744,C0013,P019,2023-01-04,7,15,UPI,Cancelled
O00745,C0094,P029,2023-10-30,8,13,Net Banking,Delivered
O00746,C0087,P025,2023-10-21,7,12,Credit Card,Cancelled
O00747,C0051,P033,2023-05-23,3,5,Credit Card,Delivered
O00748,C0056,P049,2023-07-10,2,2,Net Banking,Cancelled
O00749,C0083,P032,2023-01-21,7,13,Debit Card,Delivered
O00750,C0062,P049,2023-08-15,3,13,UPI,Pending
O00751,C0032,P035,2023-11-09,3,14,UPI,Delivered
O00752,C0030,P044,2023-04-27,2,7,Net Banking,Cancelled
O00753,C0029,P038,2023-10-29,4,14,Debit Card,Delivered
O00754,C0049,P026,2023-05-22,8,12,Credit Card,Pending
O00755,C0045,P011,2023-02-08,1,16,Cash,Delivered
O00756,C0093,P035,2023-12-21,1,20,Cash,Cancelled
O00757,C0030,P008,2023-09-09,5,2,Net Banking,Cancelled
O00758,C0016,P046,2023-11-29,5,5,Debit Card,Pending
O00759,C0040,P014,2023-07-26,1,4,Debit Card,Cancelled
O00760,C0019,P010,2023-07-29,6,16,UPI,Delivered
O00761,C0018,P002,2023-04-25,1,1,Credit Card,Delivered
O00762,C0001,P046,2023-08-13,5,14,Debit Card,Delivered
O00763,C0078,P009,2023-05-14,9,4,Cash,Cancelled
O00764,C0047,P003,2023-09-08,5,19,Credit Card,Delivered
O00765,C0066,P021,2023-08-07,6,5,Credit Card,Delivered
O00766,C0092,P026,2023-04-01,8,5,Net Banking,Delivered
O00767,C0094,P008,2023-12-20,1,17,Debit Card,Pending
O00768,C0038,P048,2023-02-15,2,17,Net Banking,Cancelled
O00769,C0051,P002,2023-02-07,9,3,Debit Card,Cancelled
O00770,C0063,P006,2023-05-22,3,16,UPI,Cancelled
O00771,C0004,P028,2023-04-10,6,13,Net Banking,Pending
O00772,C0001,P029,2023-11-24,5,13,Net Banking,Cancelled
O00773,C0008,P026,2023-07-09,2,12,Cash,Pending
O00774,C0029,P025,2023-02-04,7,6,Net Banking,Pending
O00775,C0055,P012,2023-05-27,4,11,Debit Card,Cancelled
O00776,C0003,P005,2023-01-30,1,14,Cash,Delivered
O00777,C0032,P034,2023-11-30,4,18,Net Banking,Delivered
O00778,C0010,P048,2023-03-25,6,10,Net Banking,Cancelled
O00779,C0074,P037,2023-10-08,7,14,UPI,Cancelled
O00780,C0083,P015,2023-12-10,7,11,Net Banking,Pending
O00781,C0034,P044,2023-09-27,7,2,Credit Card,Cancelled
O00782,C0097,P036,2023-06-03,3,16,Cash,Pending
O00783,C0087,P015,2023-04-12,6,2,Credit Card,Cancelled
O00784,C0055,P043,2023-08-03,8,18,Cash,Delivered
O00785,C0092,P048,2023-05-30,4,19,UPI,Delivered
O00786,C0032,P023,2023-03-24,8,3,Net Banking,Cancelled
O00787,C0050,P006,2023-04-20,2,2,Net Banking,Pending
O00788,C0007,P046,2023-10-02,9,15,Net Banking,Delivered
O00789,C0093,P050,2023-07-20,9,11,Cash,Pending
O00790,C0008,P044,2023-10-11,8,7,Net Banking,Cancelled
O00791,C0065,P043,2023-06-22,1,16,Credit Card,Cancelled
O00792,C0057,P045,2023-11-23,2,6,Net Banking,Delivered
O00793,C0067,P021,2023-07-25,6,10,UPI,Cancelled
O00794,C0088,P023,2023-03-04,5,17,Credit Card,Delivered
O00795,C0087,P043,2023-03-14,9,0,Net Banking,Pending
O00796,C0059,P016,2023-09-08,5,2,Net Banking,Delivered
O00797,C0072,P047,2023-05-04,2,3,Debit Card,Delivered
O00798,C0054,P015,2023-05-01,4,12,Cash,Pending
O00799,C0067,P025,2023-10-02,9,5,Credit Card,Delivered
O00800,C0051,P036,2023-04-30,1,13,Debit Card,Delivered
O00801,C0097,P011,2023-11-13,1,4,UPI,Cancelled
O00802,C0092,P015,2023-06-13,7,15,Cash,Pending
O00803,C0008,P004,2023-10-13,3,14,Credit Card,Delivered
O00804,C0034,P021,2023-09-22,2,14,Net Banking,Pending
O00805,C0035,P013,2023-11-16,9,3,Credit Card,Pending
O00806,C0096,P022,2023-06-10,3,7,Net Banking,Delivered
O00807,C0088,P019,2023-11-04,2,15,Cash,Cancelled
O00808,C0078,P034,2023-03-30,8,15,Net Banking,Pending
O00809,C0032,P014,2023-05-22,6,3,UPI,Delivered
O00810,C0046,P004,2023-07-22,6,12,Net Banking,Pending
O00811,C0016,P048,2023-11-05,7,12,UPI,Cancelled
O00812,C0068,P046,2023-08-15,7,1,Cash,Cancelled
O00813,C0037,P027,2023-11-30,6,2,Cash,Cancelled
O00814,C0054,P029,2023-08-10,4,7,Credit Card,Delivered
O00815,C0085,P047,2023-02-10,9,14,UPI,Delivered
O00816,C0014,P028,2023-07-15,6,10,UPI,Cancelled
O00817,C0095,P035,2023-03-09,4,8,Debit Card,Delivered
O00818,C0055,P008,2023-09-21,3,6,Debit Card,Cancelled
O00819,C0048,P016,2023-01-02,4,12,Debit Card,Delivered
O00820,C0082,P042,2023-12-27,3,1,Net Banking,Cancelled
O00821,C0007,P036,2023-05-05,2,7,Debit Card,Pending
O00822,C0074,P030,2023-04-20,5,6,UPI,Cancelled
O00823,C0007,P018,2023-03-27,2,11,Net Banking,Cancelled
O00824,C0033,P002,2023-04-30,6,18,Cash,Delivered
O00825,C0023,P049,2023-05-07,3,6,Credit Card,Delivered
O00826,C0085,P013,2023-09-12,6,9,Debit Card,Delivered
O00827,C0019,P004,2023-07-02,9,15,Cash,Delivered
O00828,C0019,P026,2023-01-16,1,2,UPI,Delivered
O00829,C0036,P025,2023-03-03,6,9,Credit Card,Delivered
O00830,C0029,P030,2023-06-07,9,5,Cash,Pending
O00831,C0060,P011,2023-09-25,4,17,Credit Card,Cancelled
O00832,C0082,P007,2023-02-04,2,17,Debit Card,Cancelled
O00833,C0002,P031,2023-09-24,4,4,UPI,Cancelled
O00834,C0001,P044,2023-03-05,1,20,Credit Card,Pending
O00835,C0047,P010,2023-02-19,3,6,Cash,Cancelled
O00836,C0069,P039,2023-09-12,9,1,Debit Card,Pending
O00837,C0020,P013,2023-05-29,5,10,Debit Card,Pending
O00838,C0011,P031,2023-11-21,6,12,Cash,Pending
O00839,C0002,P007,2023-10-31,3,4,Cash,Cancelled
O00840,C0067,P049,2023-10-03,5,5,Credit Card,Pending
O00841,C0087,P042,2023-12-23,8,13,Net Banking,Cancelled
O00842,C0012,P042,2023-06-21,6,11,Debit Card,Cancelled
O00843,C0020,P036,2023-07-20,4,3,Credit Card,Delivered
O00844,C0005,P020,2023-11-20,2,5,Cash,Delivered
O00845,C0037,P004,2023-02-04,9,9,Credit Card,Pending
O00846,C0038,P007,2023-08-04,1,17,Cash,Pending
O00847,C0094,P001,2023-03-06,1,14,UPI,Cancelled
O00848,C0009,P044,2023-01-08,4,7,Cash,Pending
O00849,C0098,P045,2023-10-28,7,8,Cash,Pending
O00850,C0053,P042,2023-12-09,1,4,Cash,Cancelled
O00851,C0044,P047,2023-11-28,9,9,Net Banking,Pending
O00852,C0099,P013,2023-03-17,4,19,Cash,Pending
O00853,C0086,P022,2023-06-23,3,5,Debit Card,Cancelled
O00854,C0024,P021,2023-02-16,1,15,Debit Card,Cancelled
O00855,C0081,P022,2023-01-15,4,2,Credit Card,Delivered
O00856,C0074,P028,2023-12-27,9,9,Net Banking,Cancelled
O00857,C0030,P009,2023-05-27,6,10,Credit Card,Delivered
O00858,C0059,P026,2023-01-26,6,10,Debit Card,Pending
O00859,C0087,P009,2023-11-04,1,16,Debit Card,Cancelled
O00860,C0096,P015,2023-04-03,2,3,UPI,Cancelled
O00861,C0081,P010,2023-08-20,6,3,Cash,Cancelled
O00862,C0081,P024,2023-01-21,2,16,Debit Card,Pending
O00863,C0014,P042,2023-11-03,3,8,Credit Card,Delivered
O00864,C0009,P008,2023-02-07,4,18,Credit Card,Pending
O00865,C0040,P024,2023-10-03,5,4,Cash,Pending
O00866,C0066,P016,2023-06-06,9,5,Cash,Cancelled
O00867,C0025,P049,2023-06-28,4,2,UPI,Delivered
O00868,C0073,P026,2023-05-12,9,0,Net Banking,Pending
O00869,C0022,P027,2023-11-07,3,19,Credit Card,Cancelled
O00870,C0004,P037,2023-12-14,8,15,Cash,Pending
O00871,C0026,P004,2023-01-28,1,10,Credit Card,Pending
O00872,C0058,P050,2023-09-17,9,12,Cash,Cancelled
O00873,C0029,P024,2023-03-17,9,9,Debit Card,Cancelled
O00874,C0098,P019,2023-03-08,2,2,Credit Card,Delivered
O00875,C0087,P036,2023-12-08,4,8,Debit Card,Pending
O00876,C0037,P039,2023-07-13,8,11,Credit Card,Cancelled
O00877,C0075,P010,2023-06-11,7,13,Net Banking,Cancelled
O00878,C0070,P025,2023-12-13,1,0,UPI,Delivered
O00879,C0018,P018,2023-12-27,5,17,Debit Card,Delivered
O00880,C0085,P019,2023-09-14,7,16,Cash,Cancelled
O00881,C0042,P036,2023-03-13,4,8,Net Banking,Delivered
O00882,C0100,P010,2023-03-28,1,8,Credit Card,Cancelled
O00883,C0041,P033,2023-09-19,9,9,Debit Card,Pending
O00884,C0038,P050,2023-08-02,5,18,Credit Card,Delivered
O00885,C0034,P005,2023-06-02,2,14,Credit Card,Pending
O00886,C0017,P047,2023-07-29,8,4,Credit Card,Pending
O00887,C0037,P049,2023-03-02,2,14,UPI,Pending
O00888,C0025,P035,2023-09-25,3,19,UPI,Cancelled
O00889,C0076,P044,2023-09-19,1,1,Cash,Pending
O00890,C0087,P034,2023-08-06,2,12,Debit Card,Pending
O00891,C0086,P033,2023-10-10,7,15,Net Banking,Pending
O00892,C0085,P021,2023-05-16,2,14,Net Banking,Cancelled
O00893,C0027,P017,2023-12-28,6,9,Net Banking,Pending
O00894,C0057,P022,2023-04-03,3,13,Credit Card,Pending
O00895,C0031,P048,2023-04-19,4,9,UPI,Delivered
O00896,C0006,P037,2023-08-29,8,13,Debit Card,Cancelled
O00897,C0091,P015,2023-12-21,3,8,Credit Card,Pending
O00898,C0040,P035,2023-05-22,6,13,UPI,Delivered
O00899,C0098,P028,2023-10-18,1,2,UPI,Cancelled
O00900,C0012,P007,2023-08-25,7,19,Debit Card,Cancelled
O00901,C0053,P032,2023-12-06,8,15,Debit Card,Cancelled
O00902,C0071,P011,2023-11-08,8,1,Debit Card,Cancelled
O00903,C0010,P010,2023-06-26,3,9,Credit Card,Cancelled
O00904,C0045,P009,2023-05-21,1,2,Cash,Cancelled
O00905,C0017,P014,2023-07-08,9,10,Debit Card,Pending
O00906,C0026,P013,2023-02-18,6,10,Cash,Pending
O00907,C0085,P025,2023-10-29,9,20,Credit Card,Pending
O00908,C0092,P002,2023-07-09,7,20,Cash,Pending
O00909,C0062,P035,2023-05-16,1,12,Net Banking,Delivered
O00910,C0046,P007,2023-02-12,1,6,Cash,Pending
O00911,C0064,P021,2023-12-19,6,16,Debit Card,Cancelled
O00912,C0002,P018,2023-03-31,5,1,Credit Card,Pending
O00913,C0054,P003,2023-10-22,9,11,Debit Card,Pending
O00914,C0065,P042,2023-12-07,2,9,Net Banking,Cancelled
O00915,C0051,P039,2023-09-02,8,17,Debit Card,Pending
O00916,C0053,P041,2023-07-11,5,10,Debit Card,Pending
O00917,C0036,P049,2023-11-14,2,15,Debit Card,Pending
O00918,C0026,P011,2023-04-16,6,16,UPI,Delivered
O00919,C0029,P039,2023-12-29,8,18,Net Banking,Pending
O00920,C0021,P024,2023-11-06,4,17,Debit Card,Cancelled
O00921,C0011,P046,2023-08-21,2,2,Debit Card,Cancelled
O00922,C0040,P019,2023-09-22,5,20,Debit Card,Pending
O00923,C0011,P004,2023-12-10,2,15,Credit Card,Pending
O00924,C0036,P026,2023-02-06,2,5,UPI,Pending
O00925,C0059,P038,2023-11-01,6,11,Credit Card,Cancelled
O00926,C0039,P042,2023-02-10,9,10,UPI,Cancelled
O00927,C0099,P032,2023-01-17,4,14,Debit Card,Delivered
O00928,C0054,P039,2023-12-10,6,14,Net Banking,Delivered
O00929,C0098,P045,2023-10-04,7,15,Cash,Delivered
O00930,C0055,P046,2023-11-03,6,9,Cash,Cancelled
O00931,C0024,P036,2023-02-28,8,11,Debit Card,Delivered
O00932,C0022,P040,2023-07-02,4,12,Credit Card,Pending
O00933,C0069,P037,2023-02-10,1,3,Net Banking,Pending
O00934,C0056,P033,2023-02-08,7,6,UPI,Cancelled
O00935,C0033,P036,2023-07-11,3,1,Debit Card,Delivered
O00936,C0036,P003,2023-09-24,6,14,Net Banking,Pending
O00937,C0020,P009,2023-05-27,2,7,Net Banking,Cancelled
O00938,C0083,P008,2023-11-29,9,6,UPI,Delivered
O00939,C0099,P033,2023-05-07,1,14,Net Banking,Pending
O00940,C0081,P006,2023-02-15,6,13,Credit Card,Delivered
O00941,C0062,P041,2023-02-14,6,7,Credit Card,Cancelled
O00942,C0098,P039,2023-01-01,5,11,Credit Card,Delivered
O00943,C0073,P004,2023-06-17,5,12,Net Banking,Cancelled
O00944,C0026,P013,2023-04-18,1,10,Credit Card,Delivered
O00945,C0066,P049,2023-01-19,5,16,UPI,Pending
O00946,C0073,P002,2023-11-28,2,16,Net Banking,Cancelled
O00947,C0073,P005,2023-03-13,7,3,Cash,Cancelled
O00948,C0040,P044,2023-04-19,3,20,Net Banking,Cancelled
O00949,C0017,P027,2023-09-25,4,7,UPI,Delivered
O00950,C0001,P032,2023-08-28,3,4,Cash,Delivered
O00951,C0089,P021,2023-10-28,3,15,Net Banking,Pending
O00952,C0061,P008,2023-03-31,4,3,Credit Card,Cancelled
O00953,C0043,P038,2023-04-13,5,14,Debit Card,Cancelled
O00954,C0042,P008,2023-09-07,1,11,Debit Card,Delivered
O00955,C0025,P050,2023-01-08,4,4,Credit Card,Delivered
O00956,C0039,P003,2023-06-02,8,15,Debit Card,Pending
O00957,C0035,P044,2023-12-13,7,13,Debit Card,Pending
O00958,C0003,P003,2023-06-23,9,9,Credit Card,Delivered
O00959,C0044,P022,2023-12-09,5,6,Credit Card,Cancelled
O00960,C0051,P006,2023-06-07,4,12,Net Banking,Pending
O00961,C0094,P002,2023-08-03,8,19,Net Banking,Delivered
O00962,C0098,P023,2023-06-26,9,4,Credit Card,Delivered
O00963,C0012,P044,2023-06-24,7,2,UPI,Cancelled
O00964,C0019,P002,2023-12-06,7,14,Debit Card,Delivered
O00965,C0044,P038,2023-12-04,5,3,Net Banking,Delivered
O00966,C0059,P017,2023-05-26,4,14,Debit Card,Pending
O00967,C0049,P035,2023-11-20,1,13,Cash,Delivered
O00968,C0061,P034,2023-06-10,7,19,Credit Card,Delivered
O00969,C0017,P023,2023-05-07,1,18,UPI,Pending
O00970,C0074,P030,2023-03-23,1,12,Cash,Cancelled
O00971,C0057,P008,2023-05-27,5,9,Cash,Cancelled
O00972,C0055,P022,2023-08-27,9,20,Cash,Pending
O00973,C0047,P044,2023-03-25,6,4,Credit Card,Pending
O00974,C0012,P036,2023-04-23,3,19,Net Banking,Cancelled
O00975,C0062,P005,2023-08-13,3,19,Credit Card,Cancelled
O00976,C0080,P013,2023-11-28,7,5,Net Banking,Cancelled
O00977,C0088,P029,2023-08-31,6,3,Cash,Cancelled
O00978,C0083,P031,2023-05-23,9,1,Cash,Cancelled
O00979,C0008,P047,2023-02-10,6,15,UPI,Pending
O00980,C0095,P016,2023-09-15,5,17,Net Banking,Delivered
O00981,C0021,P042,2023-10-12,7,4,Cash,Cancelled
O00982,C0081,P030,2023-04-15,1,3,Debit Card,Cancelled
O00983,C0087,P016,2023-07-21,7,12,UPI,Delivered
O00984,C0080,P012,2023-11-03,3,18,Credit Card,Delivered
O00985,C0070,P017,2023-11-27,9,1,UPI,Delivered
O00986,C0072,P016,2023-09-23,6,12,Debit Card,Delivered
O00987,C0025,P012,2023-07-29,9,10,Net Banking,Delivered
O00988,C0082,P008,2023-02-20,5,3,Credit Card,Delivered
O00989,C0089,P020,2023-04-28,7,19,Credit Card,Pending
O00990,C0012,P003,2023-07-20,4,19,Net Banking,Delivered
O00991,C0015,P016,2023-02-08,7,14,UPI,Delivered
O00992,C0059,P030,2023-01-28,1,3,Cash,Pending
O00993,C0026,P045,2023-09-16,7,8,UPI,Delivered
O00994,C0026,P023,2023-03-25,8,6,Debit Card,Cancelled
O00995,C0047,P028,2023-06-04,5,18,Cash,Cancelled
O00996,C0032,P040,2023-04-27,2,18,UPI,Delivered
O00997,C0010,P005,2023-01-02,5,5,Net Banking,Pending
O00998,C0016,P020,2023-04-03,6,5,Debit Card,Cancelled
O00999,C0071,P040,2023-06-15,2,19,Debit Card,Pending
O01000,C0017,P044,2023-12-16,6,14,Debit Card,Cancelled
